Date,Home Team,Home Score,Away Team,Away Score
2013-08-29,Cole Camp,0,Skyline,47
2013-08-30,Butler,0,Adrian,39
2013-08-30,Rich Hill with Hume,43,Archie,8
2013-08-30,Ava,12,Aurora,19
2013-08-30,Raymore-Peculiar,62,Belton,14
2013-08-30,Southeast,30,Bishop LeBlond,64
2013-08-30,Central (St. Joseph),6,Blue Springs,41
2013-08-30,Neosho,14,Bolivar,51
2013-08-30,California,42,Boonville,7
2013-08-30,Cassville,28,Branson,35
2013-08-30,Fair Grove,26,Buffalo,12
2013-08-30,Hillcrest,14,Camdenton,17
2013-08-30,Pembroke Hill,14,Cameron,37
2013-08-30,Potosi,31,Carnahan,42
2013-08-30,Seneca,33,Carthage,40
2013-08-30,Liberty (Mountain View),60,Caruthersville,28
2013-08-30,Malden,12,Central (New Madrid County),0
2013-08-30,Republic,40,Central (Springfield),0
2013-08-30,Rockwood Summit,28,Chaminade College Preparatory,30
2013-08-30,Sikeston,24,Charleston,6
2013-08-30,Monroe City,25,Clark County,41
2013-08-30,Lafayette County,42,Concordia,26
2013-08-30,East Buchanan,48,Crest Ridge,27
2013-08-30,Brentwood,41,Crystal City,0
2013-08-30,Rock Bridge,41,De Smet Jesuit,35
2013-08-30,Ste. Genevieve,42,Dexter,7
2013-08-30,Liberal with Bronaugh,0,Diamond,34
2013-08-30,Appleton City with Montrose,16,Drexel with Miami (Amoret),62
2013-08-30,Perryville,26,East Prairie,12
2013-08-30,Stockton,14,El Dorado Springs,8
2013-08-30,Miller Career Academy,48,Eldon,42
2013-08-30,Lafayette (Wildwood),21,Eureka,35
2013-08-30,Festus,70,Farmington,27
2013-08-30,Park Hill South,7,Fort Osage,25
2013-08-30,Seckman,21,Fox,28
2013-08-30,Holt,0,Francis Howell,45
2013-08-30,Francis Howell Central,17,Ft. Zumwalt East,37
2013-08-30,Troy Buchanan,40,Ft. Zumwalt South,28
2013-08-30,Christian Brothers College,21,Ft. Zumwalt West,24
2013-08-30,Osage,22,Fulton,28
2013-08-30,North Platte,0,Gallatin,22
2013-08-30,Joplin,21,Glendale,11
2013-08-30,Oak Park,40,Grandview,55
2013-08-30,Fayette,12,Hallsville,42
2013-08-30,Harrisonville,22,Helias Catholic,21
2013-08-30,Scott City,0,Herculaneum,13
2013-08-30,Montgomery County,23,Hermann,20
2013-08-30,Nevada,6,Holden,26
2013-08-30,Strafford,51,Hollister,22
2013-08-30,North County,13,Jackson,47
2013-08-30,Jefferson (Festus),52,John F. Kennedy,32
2013-08-30,North Kansas City,33,Kearney,52
2013-08-30,Parkview,25,Kickapoo,39
2013-08-30,Versailles,32,Knob Noster,35
2013-08-30,Mexico,7,Lafayette (St. Joseph),26
2013-08-30,McDonald County,0,Lamar,75
2013-08-30,King City with Pattonsburg,18,Lathrop,65
2013-08-30,Rolla,7,Lebanon,27
2013-08-30,Ruskin,0,Liberty North,40
2013-08-30,Wellington-Napoleon,26,Lone Jack,29
2013-08-30,Bishop DuBourg,0,Lutheran South,49
2013-08-30,Principia,49,Lutheran St. Charles,21
2013-08-30,Palmyra,36,Macon,25
2013-08-30,MICDS,39,Maplewood-Richmond Hts.,12
2013-08-30,Knox County,12,Marceline,41
2013-08-30,Oakville,27,Marquette,21
2013-08-30,Chillicothe,21,Marshall,0
2013-08-30,Willard,30,Marshfield,16
2013-08-30,Lawson,0,Maryville,32
2013-08-30,Sarcoxie,42,McAuley Catholic,8
2013-08-30,Northwest (Cedar Hill),15,Mehlville,14
2013-08-30,Orrick,0,Mid-Buchanan,56
2013-08-30,Princeton with Mercer,7,Milan,34
2013-08-30,Blair Oaks,18,Moberly,48
2013-08-30,St. Pius X (Kansas City),28,Odessa,0
2013-08-30,Bowling Green,44,Orchard Farm,38
2013-08-30,Midway,18,Osceola,3
2013-08-30,DeSoto with Kingston,21,Pacific,28
2013-08-30,Raytown South,7,Park Hill,35
2013-08-30,Ladue Horton Watkins,10,Parkway Central,41
2013-08-30,SLUH,30,Parkway North,21
2013-08-30,Lindbergh,32,Parkway South,7
2013-08-30,Kirkwood,49,Pattonville,31
2013-08-30,Albany,8,Putnam County,22
2013-08-30,Lee's Summit,28,Raytown,13
2013-08-30,Cardinal Ritter,8,Ritenour,47
2013-08-30,Grain Valley,42,Savannah,46
2013-08-30,Paris,26,Schuyler County,16
2013-08-30,Salisbury,35,Scotland County,6
2013-08-30,Santa Fe,78,Slater,63
2013-08-30,Nixa,41,Smith-Cotton,0
2013-08-30,Pleasant Hill,17,Smithville,16
2013-08-30,North Callaway,0,South Callaway,31
2013-08-30,Penney,6,South Harrison,0
2013-08-30,Kirksville,40,Southern Boone,26
2013-08-30,East Newton,17,Springfield Catholic,35
2013-08-30,Ft. Zumwalt North,28,St. Charles West,6
2013-08-30,Warrenton,7,St. Dominic,12
2013-08-30,Cuba,22,St. James,49
2013-08-30,St. Charles,27,St. Mary's South Side,20
2013-08-30,Sumner,12,St. Vincent,8
2013-08-30,Lee's Summit West,28,Staley,14
2013-08-30,Windsor,38,Sweet Springs with Malta Bend,6
2013-08-30,Parkway West,0,Timberland,27
2013-08-30,Sacred Heart,39,Tipton,0
2013-08-30,Blue Springs South,47,Truman,0
2013-08-30,Poplar Bluff,31,Union,14
2013-08-30,Center,41,University Academy Charter,6
2013-08-30,Father Tolton with Calvary Lutheran,0,Valle Catholic,56
2013-08-30,Veritas Christian Academy,50,Van-Far with Community,0
2013-08-30,Francis Howell North,28,Vianney,42
2013-08-30,Clinton,15,Warsaw,49
2013-08-30,Carl Junction,29,Webb City,52
2013-08-30,St. Paul Lutheran (Concordia),57,Wentworth Military Academy,0
2013-08-30,Waynesville,13,West Plains,14
2013-08-30,Lincoln College Prep,21,West Platte,20
2013-08-30,Reeds Spring,33,Willow Springs,13
2013-08-30,Affton,55,Windsor (Imperial),0
2013-08-30,Clopton with Elsberry,14,Winfield,28
2013-08-30,Liberty,35,Winnetonka,0
2013-08-30,Trinity Catholic,31,Wright City,19
2013-08-31,Ozark,55,Benton,42
2013-08-31,Webster Groves,28,Hazelwood Central,33
2013-08-31,McCluer,0,Hazelwood East,41
2013-08-31,Maysville,0,Hogan Prep Academy Charter,71
2013-08-31,Transportation and Law with Beaumont,14,Jennings,30
2013-08-31,Central (Cape Girardeau),7,John Burroughs,28
2013-08-31,Clayton,34,Lutheran North,7
2013-08-31,Jefferson City,24,McCluer North,7
2013-08-31,Lift for Life Academy Charter,0,McCluer South-Berkeley,44
2013-08-31,Gateway,8,Riverview Gardens,34
2013-08-31,Roosevelt,7,Soldan International Studies,28
2013-09-05,Kearney,55,Lee's Summit,77
2013-09-06,Drexel with Miami (Amoret),26,Adrian,24
2013-09-06,Duchesne,20,Affton,7
2013-09-06,Midway,39,Archie,0
2013-09-06,East Newton,13,Aurora,34
2013-09-06,Lutheran St. Charles,27,Bishop DuBourg,29
2013-09-06,Owensville,13,Blair Oaks,55
2013-09-06,Fort Osage,40,Blue Springs South,9
2013-09-06,Branson,7,Bolivar,17
2013-09-06,Winfield,0,Bowling Green,45
2013-09-06,Salisbury,52,Braymer,7
2013-09-06,Sherwood,14,Butler,20
2013-09-06,West Plains,15,Camdenton,35
2013-09-06,St. Dominic,6,Cardinal Ritter,34
2013-09-06,Carthage,32,Carl Junction,63
2013-09-06,Westran,30,Carrollton,6
2013-09-06,Smithville,16,Center,7
2013-09-06,Willow Springs,32,Central (Springfield),18
2013-09-06,Platte County,12,Central (St. Joseph),15
2013-09-06,Roosevelt,6,Chaminade College Preparatory,45
2013-09-06,Hayti,6,Charleston,34
2013-09-06,Kirksville,8,Chillicothe,42
2013-09-06,Eureka,7,Christian Brothers College,38
2013-09-06,Montgomery County,47,Clopton with Elsberry,8
2013-09-06,Orrick,6,Concordia,63
2013-09-06,South Callaway,46,Crystal City,6
2013-09-06,Hermann,49,Cuba,6
2013-09-06,Hazelwood Central,42,De Smet Jesuit,38
2013-09-06,South Harrison,32,East Buchanan,38
2013-09-06,Buffalo,14,Eldon,41
2013-09-06,Cameron,38,Excelsior Springs,15
2013-09-06,Southern Boone,32,Father Tolton with Calvary Lutheran,28
2013-09-06,Sullivan,7,Festus,42
2013-09-06,Rockwood Summit,28,Fox,14
2013-09-06,Ft. Zumwalt East,45,Francis Howell North,15
2013-09-06,Mehlville,12,Ft. Zumwalt North,28
2013-09-06,Francis Howell Central,43,Ft. Zumwalt South,0
2013-09-06,Hillcrest,43,Glendale,0
2013-09-06,Savannah,22,Harrisonville,29
2013-09-06,Transportation and Law with Beaumont,24,Herculaneum,20
2013-09-06,St. James,39,Houston,20
2013-09-06,Vianney,52,Jackson,27
2013-09-06,McAuley Catholic,21,Jasper,59
2013-09-06,Cleveland NJROTC,34,Jefferson (Festus),64
2013-09-06,Parkview,21,Joplin,38
2013-09-06,Lone Jack,27,King City with Pattonsburg,20
2013-09-06,Hazelwood East,21,Kirkwood,38
2013-09-06,El Dorado Springs,25,Knob Noster,12
2013-09-06,Pattonville,21,Lafayette (Wildwood),35
2013-09-06,Boonville,0,Lafayette County,15
2013-09-06,Richmond,13,Lawson,42
2013-09-06,Ruskin,6,Lee's Summit North,37
2013-09-06,Park Hill,14,Lee's Summit West,42
2013-09-06,Springfield Catholic,7,Liberty (Mountain View),50
2013-09-06,Truman,0,Liberty North,49
2013-09-06,McCluer North,30,Lindbergh,29
2013-09-06,Clark County,40,Louisiana,15
2013-09-06,John Burroughs,48,Lutheran South,7
2013-09-06,Caruthersville,32,Malden,7
2013-09-06,Brentwood,42,Maplewood-Richmond Hts.,22
2013-09-06,Pleasant Hope,0,Marionville,36
2013-09-06,Lafayette (St. Joseph),30,Marshall,14
2013-09-06,Mid-Buchanan,21,Maysville,6
2013-09-06,California,42,Mexico,14
2013-09-06,Van-Far with Community,26,Missouri Military Academy,0
2013-09-06,Hollister,18,Mountain Grove,60
2013-09-06,Belton,14,Nixa,28
2013-09-06,Tipton,20,North Callaway,26
2013-09-06,University Academy Charter,36,North Platte,0
2013-09-06,Seckman,7,Northwest (Cedar Hill),20
2013-09-06,Holden,0,Oak Grove,35
2013-09-06,North Kansas City,56,Oak Park,0
2013-09-06,Parkway North,35,Oakville,28
2013-09-06,Lincoln College Prep,7,O'Hara,35
2013-09-06,Moberly,34,Osage,7
2013-09-06,Hallsville,40,Paris,24
2013-09-06,Blue Springs,49,Park Hill South,14
2013-09-06,Clayton,0,Parkway Central,49
2013-09-06,Ladue Horton Watkins,70,Parkway West,0
2013-09-06,Clinton,6,Pembroke Hill,46
2013-09-06,Gallatin,7,Penney,42
2013-09-06,Lift for Life Academy Charter,6,Perryville,19
2013-09-06,Dexter,7,Poplar Bluff,34
2013-09-06,Pacific,26,Potosi,28
2013-09-06,Putnam County,16,Princeton with Mercer,27
2013-09-06,Liberty,47,Raymore-Peculiar,14
2013-09-06,Staley,36,Raytown,16
2013-09-06,Marshfield,30,Republic,40
2013-09-06,Lockwood with Golden City,30,Rich Hill with Hume,28
2013-09-06,Parkway South,3,Ritenour,13
2013-09-06,Ft. Zumwalt West,14,Rock Bridge,48
2013-09-06,Kickapoo,49,Rolla,14
2013-09-06,Crest Ridge,49,Santa Fe,12
2013-09-06,Knox County,30,Scotland County,34
2013-09-06,St. Vincent,25,Scott City,14
2013-09-06,Lamar,56,Seneca,21
2013-09-06,Central (New Madrid County),0,Sikeston,29
2013-09-06,Fair Grove,28,Skyline,39
2013-09-06,Central (Cape Girardeau),38,St. Charles West,40
2013-09-06,Windsor (Imperial),15,St. Mary's South Side,13
2013-09-06,Sweet Springs with Malta Bend,0,St. Paul Lutheran (Concordia),42
2013-09-06,Chaffee,31,St. Pius X (Festus),14
2013-09-06,Valle Catholic,36,Ste. Genevieve,28
2013-09-06,Ash Grove,50,Stockton,6
2013-09-06,Cabool,12,Strafford,52
2013-09-06,Farmington,33,Trinity Catholic,7
2013-09-06,Warrenton,14,Troy Buchanan,41
2013-09-06,St. Francis Borgia,21,Union,60
2013-09-06,Gateway,15,Vashon,22
2013-09-06,St. Charles,12,Veritas Christian Academy,40
2013-09-06,Fulton,44,Versailles,33
2013-09-06,Timberland,48,Washington,0
2013-09-06,Lebanon,21,Waynesville,14
2013-09-06,Francis Howell,44,Webster Groves,21
2013-09-06,Northeast (Kansas City),55,Wentworth Military Academy,18
2013-09-06,Nevada,14,Willard,42
2013-09-06,Slater,32,Windsor,42
2013-09-06,Raytown South,27,Winnetonka,41
2013-09-06,Orchard Farm,32,Wright City,0
2013-09-07,Miller Career Academy,37,Carnahan,0
2013-09-07,Southeast,22,Central (Kansas City),14
2013-09-07,Warsaw,49,Cole Camp,25
2013-09-07,Marquette,0,Hazelwood West,20
2013-09-07,Smith-Cotton,15,Helias Catholic,56
2013-09-07,Jennings,8,McCluer,29
2013-09-07,University City,6,McCluer South-Berkeley,42
2013-09-07,Westminster Christian Academy,34,MICDS,14
2013-09-07,Riverview Gardens,30,Normandy Collaborative,16
2013-09-07,John F. Kennedy,8,Principia,42
2013-09-07,Lutheran North,14,Priory,33
2013-09-07,Plattsburg,14,Salem,22
2013-09-12,Affton,21,Clayton,24
2013-09-12,McCluer South-Berkeley,20,Ladue Horton Watkins,28
2013-09-12,MICDS,47,Lutheran South,28
2013-09-12,Kirkwood,32,Parkway West,7
2013-09-12,St. Pius X (Kansas City),16,Pembroke Hill,21
2013-09-12,John Burroughs,21,Priory,6
2013-09-12,Parkway North,21,Rockwood Summit,14
2013-09-12,Parkway Central,56,Seckman,10
2013-09-13,Rich Hill with Hume,32,Appleton City with Montrose,30
2013-09-13,Diamond,0,Ash Grove,43
2013-09-13,Oak Park,6,Belton,55
2013-09-13,Lafayette (St. Joseph),40,Benton,18
2013-09-13,Cameron,41,Bishop LeBlond,14
2013-09-13,Rockhurst,7,Blue Springs,22
2013-09-13,Hannibal,35,Boonville,7
2013-09-13,Louisiana,14,Bowling Green,64
2013-09-13,Nixa,49,Branson,14
2013-09-13,Clopton with Elsberry,0,Brentwood,30
2013-09-13,Hollister,16,Buffalo,13
2013-09-13,East Newton,19,Carl Junction,52
2013-09-13,Charleston,18,Caruthersville,26
2013-09-13,Hogan Prep Academy Charter,22,Center,15
2013-09-13,Poplar Bluff,13,Central (Cape Girardeau),34
2013-09-13,Lee's Summit West,43,Central (St. Joseph),0
2013-09-13,Highland,13,Clark County,32
2013-09-13,Holden,34,Clinton,16
2013-09-13,Lift for Life Academy Charter,18,Crystal City,35
2013-09-13,Sikeston,34,Dexter,0
2013-09-13,Archie,22,Drexel with Miami (Amoret),59
2013-09-13,California,38,Eldon,0
2013-09-13,Mehlville,22,Eureka,48
2013-09-13,Jackson,38,Farmington,7
2013-09-13,Knox County,40,Fayette,17
2013-09-13,Windsor (Imperial),6,Festus,66
2013-09-13,Liberty North,7,Fort Osage,42
2013-09-13,Parkway South,28,Francis Howell Central,22
2013-09-13,Ft. Zumwalt South,20,Francis Howell North,48
2013-09-13,Hickman,12,Ft. Zumwalt East,18
2013-09-13,North Callaway,14,Fulton,54
2013-09-13,Polo,52,Gallatin,30
2013-09-13,Sumner,7,Gateway,14
2013-09-13,Winnetonka,31,Grandview,28
2013-09-13,Blair Oaks,38,Hallsville,8
2013-09-13,Bolivar,31,Harrisonville,14
2013-09-13,Chaffee,47,Hayti,20
2013-09-13,St. James,0,Hermann,41
2013-09-13,Joplin,22,Hillcrest,41
2013-09-13,Central (Springfield),0,Hillsboro,47
2013-09-13,Timberland,20,Holt,19
2013-09-13,Herculaneum,30,Jefferson (Festus),66
2013-09-13,Veritas Christian Academy,70,John F. Kennedy,27
2013-09-13,Waynesville,6,Kickapoo,36
2013-09-13,Albany,22,King City with Pattonsburg,0
2013-09-13,Moberly,28,Kirksville,12
2013-09-13,El Dorado Springs,6,Lafayette County,57
2013-09-13,Cassville,0,Lamar,48
2013-09-13,Camdenton,20,Lebanon,17
2013-09-13,Lee's Summit North,0,Liberty,35
2013-09-13,Oakville,33,Lindbergh,28
2013-09-13,Crest Ridge,23,Lone Jack,7
2013-09-13,St. Mary's South Side,41,Lutheran St. Charles,6
2013-09-13,Lafayette (Wildwood),28,Marquette,18
2013-09-13,Reeds Spring,39,Marshfield,36
2013-09-13,Braymer,8,Maysville,42
2013-09-13,Miller,32,McAuley Catholic,42
2013-09-13,Riverview Gardens,29,McCluer,12
2013-09-13,Marshall,7,Mexico,14
2013-09-13,North Platte,0,Mid-Buchanan,40
2013-09-13,Adrian,19,Midway,41
2013-09-13,Macon,40,Monroe City,12
2013-09-13,Wright City,14,Montgomery County,43
2013-09-13,Willard,36,Neosho,15
2013-09-13,Raytown,31,North Kansas City,34
2013-09-13,Southeast,8,Northeast (Kansas City),22
2013-09-13,Fox,28,Northwest (Cedar Hill),24
2013-09-13,Nevada,14,Oak Grove,63
2013-09-13,Carrollton,14,Odessa,41
2013-09-13,Salem,30,Owensville,13
2013-09-13,Republic,27,Ozark,49
2013-09-13,St. Clair,26,Pacific,14
2013-09-13,Rolla,20,Parkview,27
2013-09-13,Hazelwood East,23,Pattonville,14
2013-09-13,Potosi,27,Perryville,0
2013-09-13,Liberal with Bronaugh,14,Pierce City,42
2013-09-13,Lawson,29,Plattsburg,13
2013-09-13,Mt. Vernon,24,Pleasant Hill,42
2013-09-13,Fair Grove,9,Pleasant Hope,6
2013-09-13,Blue Springs South,27,Raymore-Peculiar,24
2013-09-13,Kearney,42,Raytown South,7
2013-09-13,Platte County,47,Ruskin,7
2013-09-13,Schuyler County,0,Salisbury,42
2013-09-13,Smithville,10,Savannah,26
2013-09-13,East Prairie,27,Scott City,33
2013-09-13,Aurora,10,Seneca,49
2013-09-13,Milan,38,Slater,7
2013-09-13,Christian Brothers College,31,SLUH,6
2013-09-13,Orchard Farm,0,Smith-Cotton,39
2013-09-13,Scotland County,0,South Callaway,55
2013-09-13,Princeton with Mercer,0,South Harrison,55
2013-09-13,Osage,45,Southern Boone,20
2013-09-13,St. Charles West,41,St. Charles,22
2013-09-13,Bishop DuBourg,23,St. Dominic,41
2013-09-13,Duchesne,35,St. Francis Borgia,7
2013-09-13,Orrick,0,St. Paul Lutheran (Concordia),77
2013-09-13,Valle Catholic,48,St. Vincent,0
2013-09-13,Maplewood-Richmond Hts.,0,Ste. Genevieve,36
2013-09-13,Skyline,47,Stockton,23
2013-09-13,Marionville,22,Strafford,36
2013-09-13,Union,22,Sullivan,36
2013-09-13,Concordia,53,Sweet Springs with Malta Bend,36
2013-09-13,Cardinal Ritter,30,Trinity Catholic,14
2013-09-13,Ft. Zumwalt North,41,Troy Buchanan,20
2013-09-13,Park Hill South,51,Truman,7
2013-09-13,De Smet Jesuit,38,Vianney,28
2013-09-13,Washington,47,Warrenton,21
2013-09-13,Versailles,16,Warsaw,40
2013-09-13,Carthage,7,Webb City,42
2013-09-13,Glendale,14,West Plains,21
2013-09-13,Father Tolton with Calvary Lutheran,7,Westran,59
2013-09-13,Cabool,12,Willow Springs,31
2013-09-13,Tipton,49,Windsor,6
2013-09-13,Missouri Military Academy,7,Winfield,34
2013-09-14,Cleveland NJROTC,21,Carnahan,48
2013-09-14,East (Kansas City),7,Central (Kansas City),14
2013-09-14,Chaminade College Preparatory,14,Ft. Zumwalt West,48
2013-09-14,McCluer North,27,Hazelwood Central,41
2013-09-14,Ritenour,28,Hazelwood West,7
2013-09-14,Normandy Collaborative,12,Jennings,36
2013-09-14,Van-Far with Community,20,Principia,54
2013-09-14,Vashon,36,Roosevelt,12
2013-09-14,Cole Camp,57,Sacred Heart,35
2013-09-14,Transportation and Law with Beaumont,12,Soldan International Studies,18
2013-09-14,Webster Groves,55,University City,6
2013-09-14,Lutheran North,14,Westminster Christian Academy,31
2013-09-19,Pembroke Hill,35,Northeast (Kansas City),7
2013-09-20,Normandy Collaborative,14,Affton,43
2013-09-20,Midway,42,Appleton City with Montrose,0
2013-09-20,Carl Junction,56,Aurora,26
2013-09-20,Knob Noster,3,Boonville,34
2013-09-20,Neosho,35,Branson,44
2013-09-20,King City with Pattonsburg,30,Braymer,22
2013-09-20,Cleveland NJROTC,33,Brentwood,76
2013-09-20,Houston,40,Cabool,36
2013-09-20,Hallsville,8,California,57
2013-09-20,Kickapoo,21,Camdenton,19
2013-09-20,Chillicothe,17,Cameron,14
2013-09-20,Ozark,14,Carthage,42
2013-09-20,Ft. Zumwalt East,47,Central (Cape Girardeau),21
2013-09-20,Charleston,8,Central (New Madrid County),22
2013-09-20,El Dorado Springs,0,Clinton,21
2013-09-20,Fayette,0,Cole Camp,36
2013-09-20,St. Paul Lutheran (Concordia),14,Concordia,20
2013-09-20,Chaminade College Preparatory,3,De Smet Jesuit,48
2013-09-20,Caruthersville,63,Dexter,13
2013-09-20,Bishop DuBourg,3,Duchesne,41
2013-09-20,Hayti,13,East Prairie,2
2013-09-20,Warsaw,19,Eldon,62
2013-09-20,Central (Springfield),14,Excelsior Springs,61
2013-09-20,Springfield Catholic,42,Fair Grove,20
2013-09-20,Tipton,20,Father Tolton with Calvary Lutheran,13
2013-09-20,Francis Howell North,0,Francis Howell,44
2013-09-20,Troy Buchanan,7,Francis Howell Central,51
2013-09-20,Lebanon,38,Glendale,0
2013-09-20,Mexico,20,Hannibal,21
2013-09-20,St. Vincent,20,Herculaneum,14
2013-09-20,West Plains,21,Hillcrest,49
2013-09-20,Odessa,21,Holden,42
2013-09-20,Rolla,7,Joplin,35
2013-09-20,Rockwood Summit,12,Kirkwood,49
2013-09-20,Savannah,33,Lafayette (St. Joseph),26
2013-09-20,Northwest (Cedar Hill),14,Lafayette (Wildwood),49
2013-09-20,Liberty,28,Lee's Summit,31
2013-09-20,Winnetonka,38,Lee's Summit North,34
2013-09-20,Blue Springs,42,Lee's Summit West,35
2013-09-20,McAuley Catholic,31,Liberal with Bronaugh,41
2013-09-20,Kearney,26,Liberty North,25
2013-09-20,John F. Kennedy,28,Lutheran St. Charles,35
2013-09-20,Central (Park Hills),39,Maplewood-Richmond Hts.,6
2013-09-20,Putnam County,14,Marceline,42
2013-09-20,Kirksville,32,Marshall,33
2013-09-20,Bishop LeBlond,16,Maryville,18
2013-09-20,Ladue Horton Watkins,41,McCluer,6
2013-09-20,Fox,27,Mehlville,34
2013-09-20,Fulton,7,Moberly,43
2013-09-20,Lamar,48,Mt. Vernon,7
2013-09-20,Pleasant Hill,52,Nevada,20
2013-09-20,Bowling Green,49,North Callaway,34
2013-09-20,Belton,44,North Kansas City,57
2013-09-20,Lawson,55,North Platte,12
2013-09-20,Fort Osage,73,Oak Park,7
2013-09-20,Eureka,37,Oakville,12
2013-09-20,Montgomery County,35,Orchard Farm,9
2013-09-20,Crest Ridge,68,Orrick,0
2013-09-20,Highland,0,Palmyra,40
2013-09-20,Truman,14,Park Hill,49
2013-09-20,Parkway West,0,Parkway Central,49
2013-09-20,Marquette,19,Parkway South,21
2013-09-20,Mid-Buchanan,7,Penney,41
2013-09-20,Fredericktown,48,Perryville,0
2013-09-20,Grandview,19,Platte County,27
2013-09-20,Skyline,42,Pleasant Hope,13
2013-09-20,Jackson,26,Poplar Bluff,6
2013-09-20,Ste. Genevieve,35,Potosi,20
2013-09-20,Gallatin,41,Princeton with Mercer,14
2013-09-20,Central (St. Joseph),24,Raytown South,26
2013-09-20,Buffalo,6,Reeds Spring,48
2013-09-20,Adrian,43,Rich Hill with Hume,7
2013-09-20,McCluer North,7,Ritenour,21
2013-09-20,Raymore-Peculiar,31,Rock Bridge,21
2013-09-20,Park Hill South,51,Ruskin,6
2013-09-20,Slater,7,Sacred Heart,54
2013-09-20,Thayer,23,Salem,6
2013-09-20,Lone Jack,7,Santa Fe,14
2013-09-20,Pierce City,6,Sarcoxie,28
2013-09-20,Windsor,14,Scotland County,30
2013-09-20,Malden,42,Scott City,7
2013-09-20,Farmington,14,Sikeston,21
2013-09-20,Benton,7,Smithville,20
2013-09-20,Hermann,6,South Callaway,31
2013-09-20,Polo,8,South Harrison,50
2013-09-20,Sullivan,51,St. Clair,25
2013-09-20,Trinity Catholic,0,St. Dominic,15
2013-09-20,Owensville,6,St. James,15
2013-09-20,St. Francis Borgia,30,St. Mary's South Side,27
2013-09-20,Jefferson (Festus),36,St. Pius X (Festus),44
2013-09-20,Oak Grove,28,St. Pius X (Kansas City),7
2013-09-20,Strafford,63,Stockton,22
2013-09-20,Wentworth Military Academy,0,Sweet Springs with Malta Bend,42
2013-09-20,Ft. Zumwalt West,21,Timberland,3
2013-09-20,Pacific,0,Union,40
2013-09-20,Crystal City,0,Valle Catholic,42
2013-09-20,Cardinal Ritter,14,Veritas Christian Academy,63
2013-09-20,Osage,57,Versailles,0
2013-09-20,SLUH,28,Vianney,38
2013-09-20,St. Charles,7,Warrenton,21
2013-09-20,Holt,37,Washington,28
2013-09-20,Parkview,38,Waynesville,21
2013-09-20,Republic,6,Webb City,49
2013-09-20,Seckman,7,Webster Groves,48
2013-09-20,Schuyler County,16,Westran,54
2013-09-20,Nixa,35,Willard,0
2013-09-20,Raytown,62,William Chrisman,0
2013-09-20,Mountain Grove,42,Willow Springs,28
2013-09-20,Cuba,30,Windsor (Imperial),41
2013-09-20,St. Charles West,72,Winfield,14
2013-09-20,Van-Far with Community,6,Wright City,40
2013-09-21,Ft. Zumwalt South,19,Ft. Zumwalt North,55
2013-09-21,Jefferson City,22,Hazelwood East,33
2013-09-21,Hazelwood Central,47,Hazelwood West,8
2013-09-21,O'Hara,7,Hogan Prep Academy Charter,41
2013-09-21,Lift for Life Academy Charter,14,Jennings,48
2013-09-21,Southeast,0,Lincoln College Prep,40
2013-09-21,John Burroughs,69,Lutheran North,35
2013-09-21,Clayton,7,McCluer South-Berkeley,52
2013-09-21,Priory,21,MICDS,26
2013-09-21,Gateway,22,Miller Career Academy,28
2013-09-21,University City,7,Parkway North,40
2013-09-21,Clopton with Elsberry,36,Principia,22
2013-09-21,Pattonville,29,Riverview Gardens,12
2013-09-21,Roosevelt,9,Sumner,6
2013-09-21,Soldan International Studies,36,Vashon,8
2013-09-21,Lutheran South,14,Westminster Christian Academy,56
2013-09-26,Buffalo,8,Central (Springfield),46
2013-09-26,Glendale,17,Kickapoo,47
2013-09-26,Raytown South,0,Liberty North,35
2013-09-26,Chaminade College Preparatory,26,SLUH,21
2013-09-27,Archie,12,Adrian,55
2013-09-27,McCluer South-Berkeley,42,Affton,36
2013-09-27,Salem,7,Ava,44
2013-09-27,Cardinal Ritter,13,Bishop DuBourg,15
2013-09-27,Liberty,21,Blue Springs,38
2013-09-27,Wright City,35,Bowling Green,28
2013-09-27,Albany,39,Braymer,6
2013-09-27,Lamar,74,Butler,7
2013-09-27,Southern Boone,0,California,42
2013-09-27,Neosho,17,Carthage,48
2013-09-27,Caruthersville,42,Central (New Madrid County),0
2013-09-27,Truman,6,Central (St. Joseph),58
2013-09-27,Scott City,16,Chaffee,51
2013-09-27,Bishop LeBlond,14,Chillicothe,0
2013-09-27,Van-Far with Community,8,Clopton with Elsberry,44
2013-09-27,Wellington-Napoleon,6,Crest Ridge,41
2013-09-27,Brentwood,58,Cuba,26
2013-09-27,St. Mary's South Side,0,Duchesne,34
2013-09-27,Malden,44,East Prairie,7
2013-09-27,Nevada,31,El Dorado Springs,6
2013-09-27,Holt,8,Eureka,31
2013-09-27,Stockton,13,Fair Grove,6
2013-09-27,Parkway South,47,Fox,14
2013-09-27,Francis Howell Central,37,Francis Howell North,21
2013-09-27,Potosi,28,Fredericktown,7
2013-09-27,Francis Howell,45,Ft. Zumwalt West,20
2013-09-27,Marshall,28,Fulton,56
2013-09-27,South Harrison,44,Gallatin,22
2013-09-27,Excelsior Springs,14,Harrisonville,35
2013-09-27,Springfield Catholic,42,Hollister,21
2013-09-27,Central (Cape Girardeau),27,Jackson,56
2013-09-27,Sarcoxie,14,Jasper,22
2013-09-27,Crystal City,27,Jefferson (Festus),54
2013-09-27,De Smet Jesuit,16,Jefferson City,18
2013-09-27,Trinity Catholic,70,John F. Kennedy,6
2013-09-27,Platte County,22,Kearney,44
2013-09-27,Hannibal,33,Kirksville,20
2013-09-27,Parkway North,19,Kirkwood,35
2013-09-27,Carrollton,48,Knob Noster,13
2013-09-27,Milan,31,Knox County,6
2013-09-27,Hillcrest,52,Lebanon,29
2013-09-27,Raymore-Peculiar,38,Lee's Summit,44
2013-09-27,Lee's Summit North,3,Lee's Summit West,35
2013-09-27,Willow Springs,0,Liberty (Mountain View),70
2013-09-27,Miller,32,Lockwood with Golden City,54
2013-09-27,St. Paul Lutheran (Concordia),27,Lone Jack,28
2013-09-27,Palmyra,42,Louisiana,8
2013-09-27,Perryville,12,Maplewood-Richmond Hts.,34
2013-09-27,Salisbury,17,Marceline,0
2013-09-27,Mehlville,37,Marquette,13
2013-09-27,Bolivar,59,Marshfield,24
2013-09-27,Cameron,14,Maryville,44
2013-09-27,King City with Pattonsburg,12,Maysville,45
2013-09-27,Boonville,12,Mexico,6
2013-09-27,East Buchanan,46,Mid-Buchanan,18
2013-09-27,Drexel with Miami (Amoret),0,Midway,40
2013-09-27,St. James,7,Moberly,58
2013-09-27,North Callaway,14,Montgomery County,34
2013-09-27,Webb City,27,Nixa,24
2013-09-27,Lindbergh,27,Northwest (Cedar Hill),12
2013-09-27,Odessa,0,Oak Grove,61
2013-09-27,Winnetonka,57,Oak Park,5
2013-09-27,Lafayette (Wildwood),21,Oakville,7
2013-09-27,Winfield,6,Orchard Farm,48
2013-09-27,Sweet Springs with Malta Bend,34,Orrick,0
2013-09-27,Blair Oaks,61,Osage,29
2013-09-27,Sullivan,49,Pacific,9
2013-09-27,Westran,48,Paris,6
2013-09-27,Grandview,26,Park Hill South,50
2013-09-27,Camdenton,34,Parkview,15
2013-09-27,Rockwood Summit,14,Parkway West,30
2013-09-27,Plattsburg,26,Penney,43
2013-09-27,Diamond,10,Pierce City,13
2013-09-27,Grain Valley,21,Pleasant Hill,52
2013-09-27,Sikeston,22,Poplar Bluff,21
2013-09-27,Fort Osage,35,Raytown,0
2013-09-27,Branson,28,Republic,12
2013-09-27,Osceola,42,Rich Hill with Hume,8
2013-09-27,Lafayette County,33,Richmond,0
2013-09-27,Blue Springs South,6,Rockhurst,27
2013-09-27,Waynesville,32,Rolla,17
2013-09-27,Park Hill,45,Ruskin,6
2013-09-27,Concordia,72,Santa Fe,24
2013-09-27,Benton,26,Savannah,47
2013-09-27,Putnam County,20,Schuyler County,8
2013-09-27,Cole Camp,67,Sherwood,28
2013-09-27,Fayette,27,Slater,20
2013-09-27,Lafayette (St. Joseph),9,Smithville,29
2013-09-27,Warrenton,0,St. Charles West,48
2013-09-27,St. Dominic,7,St. Francis Borgia,34
2013-09-27,Herculaneum,8,St. Pius X (Festus),50
2013-09-27,Center,34,St. Pius X (Kansas City),15
2013-09-27,Lift for Life Academy Charter,16,St. Vincent,35
2013-09-27,Pleasant Hope,6,Strafford,48
2013-09-27,Houston,16,Thayer,42
2013-09-27,South Callaway,44,Tipton,0
2013-09-27,Southeast,6,Van Horn,49
2013-09-27,Lutheran St. Charles,7,Veritas Christian Academy,43
2013-09-27,Eldon,56,Versailles,0
2013-09-27,Hallsville,52,Warsaw,34
2013-09-27,Parkway Central,7,Webster Groves,28
2013-09-27,Joplin,31,West Plains,34
2013-09-27,Sacred Heart,32,Windsor,20
2013-09-28,Soldan International Studies,7,Carnahan,12
2013-09-28,Jennings,6,Clayton,21
2013-09-28,Charleston,44,Cleveland NJROTC,27
2013-09-28,Marionville,47,Father Tolton with Calvary Lutheran,6
2013-09-28,Ft. Zumwalt North,15,Ft. Zumwalt East,35
2013-09-28,Washington,21,Ft. Zumwalt South,28
2013-09-28,Ritenour,27,Hazelwood Central,42
2013-09-28,Riverview Gardens,18,Hazelwood East,36
2013-09-28,MICDS,0,John Burroughs,42
2013-09-28,Northeast (Kansas City),0,Lincoln College Prep,25
2013-09-28,Lutheran South,33,Lutheran North,44
2013-09-28,Pattonville,48,McCluer,0
2013-09-28,Hazelwood West,6,McCluer North,13
2013-09-28,Roosevelt,0,Miller Career Academy,58
2013-09-28,Principia,48,Missouri Military Academy,16
2013-09-28,Ladue Horton Watkins,47,Normandy Collaborative,6
2013-09-28,Princeton with Mercer,14,Polo,42
2013-09-28,Westminster Christian Academy,20,Priory,18
2013-09-28,Sumner,18,Transportation and Law with Beaumont,30
2013-09-28,Timberland,31,Troy Buchanan,12
2013-09-28,Hogan Prep Academy Charter,29,University Academy Charter,2
2013-09-28,Seckman,19,University City,55
2013-09-28,Helias Catholic,77,Vashon,6
2013-09-28,North Kansas City,21,William Chrisman,0
2013-10-03,Parkview,37,Glendale,21
2013-10-03,Kickapoo,49,Hillcrest,21
2013-10-04,Adrian,57,Appleton City with Montrose,19
2013-10-04,St. Francis Borgia,29,Bishop DuBourg,22
2013-10-04,Smithville,29,Bishop LeBlond,14
2013-10-04,California,28,Blair Oaks,29
2013-10-04,Lee's Summit,35,Blue Springs South,25
2013-10-04,Kirksville,36,Boonville,7
2013-10-04,Ozark,30,Branson,43
2013-10-04,Bolivar,42,Buffalo,0
2013-10-04,Tipton,20,Butler,13
2013-10-04,Rolla,12,Camdenton,49
2013-10-04,Savannah,25,Cameron,19
2013-10-04,John F. Kennedy,19,Cardinal Ritter,62
2013-10-04,Richmond,39,Carrollton,19
2013-10-04,Farmington,21,Central (Cape Girardeau),59
2013-10-04,El Dorado Springs,7,Central (Springfield),13
2013-10-04,Lafayette (St. Joseph),62,Chillicothe,28
2013-10-04,Bowling Green,50,Clopton with Elsberry,12
2013-10-04,Windsor,24,Cole Camp,48
2013-10-04,St. Vincent,40,Crystal City,24
2013-10-04,St. Pius X (Festus),50,Cuba,6
2013-10-04,SLUH,14,De Smet Jesuit,16
2013-10-04,Central (New Madrid County),21,Dexter,20
2013-10-04,Lawson,14,East Buchanan,48
2013-10-04,Chaffee,54,East Prairie,32
2013-10-04,Osage,38,Eldon,56
2013-10-04,Marquette,21,Eureka,49
2013-10-04,Strafford,62,Fair Grove,7
2013-10-04,Paris,42,Fayette,41
2013-10-04,Oakville,24,Fox,19
2013-10-04,Troy Buchanan,7,Francis Howell,49
2013-10-04,Timberland,27,Francis Howell Central,30
2013-10-04,Ft. Zumwalt West,35,Francis Howell North,20
2013-10-04,Maplewood-Richmond Hts.,12,Fredericktown,29
2013-10-04,Holt,13,Ft. Zumwalt North,42
2013-10-04,Ft. Zumwalt East,48,Ft. Zumwalt South,14
2013-10-04,Raytown South,21,Grandview,27
2013-10-04,Versailles,0,Hallsville,45
2013-10-04,Fulton,32,Hannibal,61
2013-10-04,Marshfield,72,Hollister,40
2013-10-04,Ava,48,Houston,8
2013-10-04,Sikeston,0,Jackson,49
2013-10-04,Waynesville,25,Joplin,31
2013-10-04,Park Hill,7,Kearney,42
2013-10-04,Gallatin,46,King City with Pattonsburg,12
2013-10-04,Lindbergh,21,Lafayette (Wildwood),23
2013-10-04,Holden,28,Lafayette County,34
2013-10-04,Carl Junction,50,Lamar,46
2013-10-04,Blue Springs,28,Lee's Summit North,3
2013-10-04,Lockwood with Golden City,46,Liberal with Bronaugh,22
2013-10-04,Rockhurst,24,Liberty,34
2013-10-04,Orrick,0,Lone Jack,42
2013-10-04,Trinity Catholic,63,Lutheran St. Charles,20
2013-10-04,Stockton,8,Marionville,48
2013-10-04,Highland,35,Mark Twain,14
2013-10-04,Moberly,24,Marshall,6
2013-10-04,Polo,22,Maysville,26
2013-10-04,East Newton,16,McDonald County,0
2013-10-04,Parkway South,34,Mehlville,40
2013-10-04,Scotland County,6,Milan,34
2013-10-04,Seneca,42,Mt. Vernon,6
2013-10-04,Nixa,33,Neosho,7
2013-10-04,Wright City,14,North Callaway,21
2013-10-04,Excelsior Springs,42,Odessa,6
2013-10-04,St. Charles West,48,Orchard Farm,20
2013-10-04,Pacific,14,Owensville,17
2013-10-04,Clark County,7,Palmyra,52
2013-10-04,Lee's Summit West,41,Park Hill South,21
2013-10-04,Parkway North,0,Parkway Central,44
2013-10-04,Webster Groves,49,Parkway West,14
2013-10-04,North Kansas City,21,Platte County,42
2013-10-04,Mid-Buchanan,35,Plattsburg,8
2013-10-04,Oak Grove,22,Pleasant Hill,26
2013-10-04,Jasper,29,Pleasant Hope,15
2013-10-04,Northwest (Cedar Hill),7,Poplar Bluff,28
2013-10-04,Albany,27,Princeton with Mercer,14
2013-10-04,Knox County,24,Putnam County,12
2013-10-04,Central (St. Joseph),12,Raymore-Peculiar,17
2013-10-04,Oak Park,10,Raytown,55
2013-10-04,Springfield Catholic,41,Reeds Spring,56
2013-10-04,Carthage,40,Republic,37
2013-10-04,Drexel with Miami (Amoret),38,Rich Hill with Hume,18
2013-10-04,University City,7,Rockwood Summit,27
2013-10-04,Willow Springs,24,Salem,20
2013-10-04,Slater,6,Salisbury,42
2013-10-04,Portageville,33,Scott City,14
2013-10-04,Kirkwood,63,Seckman,17
2013-10-04,Braymer,6,South Harrison,44
2013-10-04,Warsaw,42,Southern Boone,12
2013-10-04,St. James,7,St. Clair,39
2013-10-04,St. Dominic,22,St. Mary's South Side,27
2013-10-04,Crest Ridge,28,St. Paul Lutheran (Concordia),7
2013-10-04,Clinton,6,St. Pius X (Kansas City),14
2013-10-04,Perryville,0,Ste. Genevieve,67
2013-10-04,Hermann,14,Sullivan,35
2013-10-04,Santa Fe,36,Sweet Springs with Malta Bend,18
2013-10-04,Ruskin,14,Truman,11
2013-10-04,Jefferson (Festus),8,Valle Catholic,56
2013-10-04,Montgomery County,44,Van-Far with Community,8
2013-10-04,Duchesne,12,Veritas Christian Academy,14
2013-10-04,Mexico,22,Warrenton,0
2013-10-04,Vianney,48,Washington,41
2013-10-04,Willard,21,Webb City,38
2013-10-04,Lebanon,35,West Plains,7
2013-10-04,Marceline,14,Westran,35
2013-10-04,St. Charles,36,Winfield,0
2013-10-04,Liberty North,7,Winnetonka,28
2013-10-05,William Chrisman,14,Belton,49
2013-10-05,Sumner,20,Carnahan,44
2013-10-05,Missouri Military Academy,0,Central (Kansas City),64
2013-10-05,Harrisonville,31,Grain Valley,25
2013-10-05,Pattonville,47,Hazelwood Central,56
2013-10-05,Riverview Gardens,0,Hazelwood West,60
2013-10-05,Rock Bridge,21,Helias Catholic,59
2013-10-05,Westminster Christian Academy,7,John Burroughs,30
2013-10-05,Affton,0,Ladue Horton Watkins,30
2013-10-05,Trenton,36,Lincoln College Prep,15
2013-10-05,Jennings,20,McCluer South-Berkeley,48
2013-10-05,Lutheran North,34,MICDS,14
2013-10-05,Vashon,12,Miller Career Academy,47
2013-10-05,Clayton,43,Normandy Collaborative,45
2013-10-05,Lutheran South,17,Priory,31
2013-10-05,McCluer,12,Ritenour,33
2013-10-05,Gateway,41,Roosevelt,7
2013-10-05,Hogan Prep Academy Charter,28,Soldan International Studies,12
2013-10-05,East (Kansas City),6,Southeast,26
2013-10-05,Cleveland NJROTC,18,Transportation and Law with Beaumont,36
2013-10-05,Sacred Heart,8,University Academy Charter,35
2013-10-10,Platte County,14,Liberty North,56
2013-10-10,Hillcrest,55,Parkview,24
2013-10-11,Archie,18,Appleton City with Montrose,35
2013-10-11,Mt. Vernon,7,Aurora,14
2013-10-11,Grandview,45,Belton,28
2013-10-11,Bishop LeBlond,27,Benton,10
2013-10-11,St. Mary's South Side,42,Bishop DuBourg,6
2013-10-11,Blue Springs South,0,Blue Springs,35
2013-10-11,Polo,66,Braymer,8
2013-10-11,Lift for Life Academy Charter,0,Brentwood,71
2013-10-11,Lutheran St. Charles,0,Cardinal Ritter,61
2013-10-11,Branson,12,Carthage,45
2013-10-11,Kennett,25,Caruthersville,62
2013-10-11,Park Hill South,7,Central (St. Joseph),28
2013-10-11,Malden,18,Chaffee,28
2013-10-11,Vianney,13,Chaminade College Preparatory,14
2013-10-11,Dexter,27,Charleston,26
2013-10-11,Ladue Horton Watkins,58,Clayton,7
2013-10-11,Smith-Cotton,42,Clinton,22
2013-10-11,Lone Jack,21,Concordia,48
2013-10-11,Sweet Springs with Malta Bend,8,Crest Ridge,53
2013-10-11,Herculaneum,35,Crystal City,20
2013-10-11,Grain Valley,22,Excelsior Springs,33
2013-10-11,Poplar Bluff,35,Farmington,7
2013-10-11,Pacific,3,Festus,43
2013-10-11,Ft. Zumwalt West,31,Francis Howell Central,56
2013-10-11,Ste. Genevieve,42,Fredericktown,0
2013-10-11,Boonville,42,Fulton,39
2013-10-11,Maysville,36,Gallatin,26
2013-10-11,Eldon,14,Hallsville,7
2013-10-11,Scott City,20,Hayti,39
2013-10-11,Richmond,20,Holden,24
2013-10-11,Reeds Spring,41,Hollister,0
2013-10-11,Ft. Zumwalt East,49,Holt,10
2013-10-11,Gateway,22,Jefferson City,55
2013-10-11,West Plains,6,Kickapoo,40
2013-10-11,Mexico,10,Kirksville,14
2013-10-11,Lafayette County,43,Knob Noster,0
2013-10-11,Scotland County,41,Knox County,26
2013-10-11,Cameron,38,Lafayette (St. Joseph),27
2013-10-11,SLUH,17,Lafayette (Wildwood),14
2013-10-11,Penney,20,Lawson,47
2013-10-11,Joplin,35,Lebanon,42
2013-10-11,Lee's Summit North,9,Lee's Summit,49
2013-10-11,Raymore-Peculiar,13,Lee's Summit West,49
2013-10-11,Eureka,38,Lindbergh,0
2013-10-11,John F. Kennedy,14,Lutheran South,56
2013-10-11,Fayette,16,Marceline,72
2013-10-11,Macon,49,Mark Twain,0
2013-10-11,Fox,7,Marquette,34
2013-10-11,McDonald County,22,Marshfield,58
2013-10-11,Rich Hill with Hume,0,Midway,54
2013-10-11,Father Tolton with Calvary Lutheran,58,Missouri Military Academy,6
2013-10-11,Hannibal,36,Moberly,56
2013-10-11,Lamar,47,Monett,0
2013-10-11,Louisiana,34,Monroe City,55
2013-10-11,Bowling Green,0,Montgomery County,52
2013-10-11,Webb City,55,Neosho,6
2013-10-11,Central (Springfield),19,Nevada,46
2013-10-11,Parkway South,40,Northwest (Cedar Hill),0
2013-10-11,Harrisonville,21,Oak Grove,40
2013-10-11,Mehlville,23,Oakville,35
2013-10-11,Pleasant Hill,48,Odessa,0
2013-10-11,California,49,Osage,14
2013-10-11,Liberty,55,Park Hill,14
2013-10-11,University City,0,Parkway Central,44
2013-10-11,Parkway West,26,Parkway North,31
2013-10-11,University Academy Charter,12,Pembroke Hill,28
2013-10-11,El Dorado Springs,14,Pierce City,21
2013-10-11,Maplewood-Richmond Hts.,12,Potosi,40
2013-10-11,King City with Pattonsburg,34,Princeton with Mercer,29
2013-10-11,Raytown,6,Raytown South,13
2013-10-11,Rock Bridge,28,Rockhurst,47
2013-10-11,Glendale,36,Rolla,21
2013-10-11,Oak Park,49,Ruskin,18
2013-10-11,Mountain Grove,35,Salem,6
2013-10-11,Westran,34,Salisbury,7
2013-10-11,Orrick,6,Santa Fe,34
2013-10-11,Liberal with Bronaugh,28,Sarcoxie,53
2013-10-11,Chillicothe,21,Savannah,49
2013-10-11,Rockwood Summit,42,Seckman,7
2013-10-11,Carl Junction,62,Seneca,34
2013-10-11,Drexel with Miami (Amoret),12,Sherwood,6
2013-10-11,Central (Cape Girardeau),29,Sikeston,17
2013-10-11,Strafford,56,Skyline,14
2013-10-11,Paris,44,Slater,13
2013-10-11,Maryville,50,Smithville,10
2013-10-11,Cuba,14,South Callaway,51
2013-10-11,Versailles,6,Southern Boone,48
2013-10-11,Buffalo,14,Springfield Catholic,50
2013-10-11,Orchard Farm,13,St. Charles,46
2013-10-11,Ft. Zumwalt South,15,St. Charles West,32
2013-10-11,Duchesne,35,St. Dominic,0
2013-10-11,St. Pius X (Festus),26,St. Vincent,13
2013-10-11,Butler,6,Stockton,28
2013-10-11,St. James,19,Sullivan,62
2013-10-11,Francis Howell,42,Timberland,7
2013-10-11,Cole Camp,9,Tipton,8
2013-10-11,Veritas Christian Academy,41,Trinity Catholic,6
2013-10-11,Francis Howell North,58,Troy Buchanan,20
2013-10-11,Marshall,31,Truman,0
2013-10-11,Central (New Madrid County),14,Valle Catholic,48
2013-10-11,North Callaway,41,Van-Far with Community,12
2013-10-11,Winfield,30,Warrenton,74
2013-10-11,Blair Oaks,56,Warsaw,35
2013-10-11,Ft. Zumwalt North,49,Washington,9
2013-10-11,Camdenton,30,Waynesville,6
2013-10-11,Republic,21,Willard,22
2013-10-11,Wentworth Military Academy,22,Windsor,65
2013-10-11,North Kansas City,7,Winnetonka,28
2013-10-11,Clopton with Elsberry,14,Wright City,17
2013-10-12,Northeast (Kansas City),12,Central (Kansas City),6
2013-10-12,Sumner,28,Cleveland NJROTC,0
2013-10-12,Hazelwood Central,27,Hazelwood East,14
2013-10-12,Van Horn,0,Hogan Prep Academy Charter,28
2013-10-12,Affton,37,Jennings,0
2013-10-12,East (Kansas City),16,Lincoln College Prep,61
2013-10-12,Principia,7,Lutheran North,49
2013-10-12,Hazelwood West,22,McCluer,6
2013-10-12,Normandy Collaborative,6,McCluer South-Berkeley,55
2013-10-12,Helias Catholic,51,MICDS,13
2013-10-12,Ritenour,41,Pattonville,38
2013-10-12,McCluer North,37,Riverview Gardens,33
2013-10-12,Carnahan,62,Roosevelt,19
2013-10-12,Miller Career Academy,44,Soldan International Studies,0
2013-10-12,Transportation and Law with Beaumont,30,Vashon,24
2013-10-12,St. Francis Borgia,20,Westminster Christian Academy,35
2013-10-18,Priory,13,Affton,7
2013-10-18,Windsor,20,Appleton City with Montrose,12
2013-10-18,Tipton,48,Archie,8
2013-10-18,Westminster Christian Academy,45,Bishop DuBourg,7
2013-10-18,Lee's Summit North,0,Blue Springs South,27
2013-10-18,Moberly,38,Boonville,7
2013-10-18,Van-Far with Community,18,Bowling Green,53
2013-10-18,Willard,23,Branson,14
2013-10-18,Princeton with Mercer,18,Braymer,32
2013-10-18,Marshfield,46,Buffalo,0
2013-10-18,Midway,40,Butler,7
2013-10-18,Warsaw,6,California,64
2013-10-18,Benton,14,Cameron,31
2013-10-18,Holden,37,Carrollton,16
2013-10-18,Nixa,38,Carthage,8
2013-10-18,Hayti,0,Caruthersville,56
2013-10-18,Smith-Cotton,13,Center,18
2013-10-18,Chaminade College Preparatory,21,Central (Cape Girardeau),28
2013-10-18,Fredericktown,20,Central (New Madrid County),6
2013-10-18,Jefferson (Festus),22,Chaffee,56
2013-10-18,John Burroughs,35,Clayton,12
2013-10-18,Crest Ridge,32,Concordia,16
2013-10-18,Lockwood with Golden City,14,Diamond,10
2013-10-18,St. Charles,24,Duchesne,56
2013-10-18,Northeast (Kansas City),40,East (Kansas City),36
2013-10-18,Charleston,40,East Prairie,20
2013-10-18,Sarcoxie,40,El Dorado Springs,13
2013-10-18,Southern Boone,24,Eldon,50
2013-10-18,Fox,14,Eureka,49
2013-10-18,South Callaway,48,Father Tolton with Calvary Lutheran,0
2013-10-18,Salisbury,54,Fayette,0
2013-10-18,St. Charles West,28,Festus,31
2013-10-18,Francis Howell Central,14,Francis Howell,31
2013-10-18,Washington,7,Ft. Zumwalt East,42
2013-10-18,Troy Buchanan,7,Ft. Zumwalt West,35
2013-10-18,Waynesville,42,Glendale,20
2013-10-18,Marshall,6,Hannibal,42
2013-10-18,Odessa,3,Harrisonville,41
2013-10-18,Valle Catholic,47,Herculaneum,7
2013-10-18,Monroe City,18,Highland,12
2013-10-18,Rolla,16,Hillcrest,32
2013-10-18,Ft. Zumwalt South,55,Holt,24
2013-10-18,Rockhurst,20,Jefferson City,16
2013-10-18,Camdenton,42,Joplin,21
2013-10-18,Grandview,7,Kearney,63
2013-10-18,Parkway Central,24,Kirkwood,7
2013-10-18,Bishop LeBlond,7,Lafayette (St. Joseph),31
2013-10-18,East Newton,0,Lamar,63
2013-10-18,Kickapoo,16,Lebanon,6
2013-10-18,Raytown South,7,Lee's Summit,31
2013-10-18,Ruskin,0,Lee's Summit West,56
2013-10-18,Jasper,42,Liberal with Bronaugh,6
2013-10-18,Rock Bridge,27,Liberty,28
2013-10-18,Salem,0,Liberty (Mountain View),52
2013-10-18,Marquette,7,Lindbergh,42
2013-10-18,Missouri Military Academy,6,Lutheran St. Charles,64
2013-10-18,Cardinal Ritter,34,Maplewood-Richmond Hts.,6
2013-10-18,Savannah,9,Maryville,28
2013-10-18,Pierce City,31,McAuley Catholic,32
2013-10-18,SLUH,30,Mehlville,28
2013-10-18,Fulton,0,Mexico,21
2013-10-18,Lawson,41,Mid-Buchanan,7
2013-10-18,North Shelby,8,Milan,42
2013-10-18,Cuba,0,Montgomery County,42
2013-10-18,Carl Junction,41,Mt. Vernon,14
2013-10-18,McDonald County,7,Nevada,39
2013-10-18,Clopton with Elsberry,14,North Callaway,36
2013-10-18,Fort Osage,49,North Kansas City,7
2013-10-18,Oakville,50,Northwest (Cedar Hill),10
2013-10-18,Warrenton,32,Orchard Farm,35
2013-10-18,Hallsville,41,Osage,34
2013-10-18,Sullivan,42,Owensville,0
2013-10-18,Hermann,48,Pacific,8
2013-10-18,Mark Twain,0,Palmyra,56
2013-10-18,Marceline,48,Paris,0
2013-10-18,Liberty North,0,Park Hill South,28
2013-10-18,Seckman,13,Parkway North,49
2013-10-18,Lafayette (Wildwood),33,Parkway South,17
2013-10-18,North Platte,12,Penney,55
2013-10-18,Winnetonka,49,Platte County,33
2013-10-18,Excelsior Springs,26,Pleasant Hill,41
2013-10-18,Stockton,22,Pleasant Hope,16
2013-10-18,King City with Pattonsburg,26,Polo,56
2013-10-18,Blue Springs,41,Raymore-Peculiar,14
2013-10-18,Belton,21,Raytown,45
2013-10-18,Central (Springfield),0,Reeds Spring,42
2013-10-18,Neosho,21,Republic,35
2013-10-18,Hazelwood East,36,Ritenour,33
2013-10-18,Webster Groves,28,Rockwood Summit,6
2013-10-18,Rich Hill with Hume,0,Sacred Heart,24
2013-10-18,St. Paul Lutheran (Concordia),36,Santa Fe,8
2013-10-18,Adrian,22,Sherwood,20
2013-10-18,Jennings,6,Sikeston,36
2013-10-18,Chillicothe,27,Smithville,29
2013-10-18,Maysville,14,South Harrison,50
2013-10-18,Bolivar,56,Springfield Catholic,0
2013-10-18,MICDS,48,St. Dominic,13
2013-10-18,Union,43,St. James,6
2013-10-18,Lift for Life Academy Charter,6,St. Mary's South Side,49
2013-10-18,Crystal City,6,St. Pius X (Festus),39
2013-10-18,Lone Jack,28,Sweet Springs with Malta Bend,6
2013-10-18,Willow Springs,14,Thayer,13
2013-10-18,Francis Howell North,10,Timberland,26
2013-10-18,Lutheran North,55,Trinity Catholic,52
2013-10-18,Central (Kansas City),0,Van Horn,49
2013-10-18,Scott City,14,Veritas Christian Academy,50
2013-10-18,Blair Oaks,61,Versailles,26
2013-10-18,Farmington,0,Vianney,42
2013-10-18,Parkview,31,West Plains,25
2013-10-18,Slater,13,Westran,56
2013-10-18,Winfield,0,Wright City,12
2013-10-19,Miller Career Academy,78,Cleveland NJROTC,0
2013-10-19,Riverview Gardens,14,Hazelwood Central,34
2013-10-19,Pattonville,26,Hazelwood West,23
2013-10-19,Christian Brothers College,9,Helias Catholic,13
2013-10-19,Ft. Zumwalt North,27,Ladue Horton Watkins,31
2013-10-19,Pembroke Hill,35,Lincoln College Prep,13
2013-10-19,McCluer,6,McCluer North,14
2013-10-19,Windsor (Imperial),21,Perryville,20
2013-10-19,Brentwood,55,Principia,21
2013-10-19,De Smet Jesuit,58,Roosevelt,0
2013-10-19,Gateway,2,Soldan International Studies,7
2013-10-19,Vashon,26,Sumner,6
2013-10-19,Carnahan,44,Transportation and Law with Beaumont,12
2013-10-19,Strafford,47,University Academy Charter,21
2013-10-19,Parkway West,20,University City,0
2013-10-24,Vashon,0,De Smet Jesuit,75
2013-10-24,Blue Springs South,35,Liberty,23
2013-10-24,Buffalo,13,Logan-Rogersville,28
2013-10-24,East (Kansas City),14,Pembroke Hill,61
2013-10-24,Kirkwood,55,University City,35
2013-10-24,Raytown,37,Van Horn,18
2013-10-25,El Dorado Springs,20,Adrian,34
2013-10-25,Farmington,28,Affton,62
2013-10-25,Liberal with Bronaugh,53,Archie,18
2013-10-25,Lamar,60,Aurora,18
2013-10-25,Savannah,35,Bishop LeBlond,21
2013-10-25,Lee's Summit,7,Blue Springs,49
2013-10-25,Reeds Spring,6,Bolivar,41
2013-10-25,Wright City,0,Brentwood,56
2013-10-25,Salem,35,Cabool,20
2013-10-25,Versailles,12,California,63
2013-10-25,Glendale,6,Camdenton,42
2013-10-25,Smithville,6,Cameron,17
2013-10-25,Sikeston,0,Cardinal Ritter,20
2013-10-25,Mt. Vernon,14,Cassville,35
2013-10-25,Festus,56,Central (Cape Girardeau),62
2013-10-25,Portageville,34,Central (New Madrid County),18
2013-10-25,Poplar Bluff,28,Chaminade College Preparatory,35
2013-10-25,Chaffee,28,Charleston,43
2013-10-25,Center,22,Clinton,8
2013-10-25,Windsor,6,Crest Ridge,40
2013-10-25,Principia,19,Cuba,24
2013-10-25,Malden,30,Dexter,27
2013-10-25,Jasper,34,Diamond,27
2013-10-25,Lone Jack,0,Drexel with Miami (Amoret),62
2013-10-25,Oak Grove,56,Excelsior Springs,13
2013-10-25,Westran,60,Fayette,13
2013-10-25,Belton,14,Fort Osage,42
2013-10-25,Lafayette (Wildwood),49,Fox,12
2013-10-25,Jackson,34,Francis Howell Central,38
2013-10-25,Washington,29,Francis Howell North,39
2013-10-25,Timberland,6,Ft. Zumwalt North,34
2013-10-25,Vianney,40,Ft. Zumwalt South,0
2013-10-25,Holt,0,Ft. Zumwalt West,35
2013-10-25,Kirksville,34,Fulton,24
2013-10-25,Braymer,7,Gallatin,46
2013-10-25,Liberty North,28,Grandview,10
2013-10-25,Helias Catholic,36,Hannibal,10
2013-10-25,Pleasant Hill,31,Harrisonville,29
2013-10-25,Knob Noster,6,Holden,41
2013-10-25,Bishop DuBourg,35,John F. Kennedy,22
2013-10-25,Winnetonka,6,Kearney,27
2013-10-25,East Prairie,8,Kennett,58
2013-10-25,Joplin,14,Kickapoo,49
2013-10-25,South Harrison,58,King City with Pattonsburg,0
2013-10-25,Carrollton,0,Lafayette County,56
2013-10-25,Raymore-Peculiar,45,Lee's Summit North,14
2013-10-25,Highland,0,Louisiana,56
2013-10-25,Orchard Farm,49,Lutheran St. Charles,13
2013-10-25,Slater,0,Marceline,47
2013-10-25,North Callaway,19,Marionville,22
2013-10-25,Northwest (Cedar Hill),6,Marquette,27
2013-10-25,Boonville,28,Marshall,27
2013-10-25,Springfield Catholic,47,Marshfield,52
2013-10-25,Lafayette (St. Joseph),7,Maryville,28
2013-10-25,Princeton with Mercer,0,Maysville,40
2013-10-25,Central (Springfield),13,McDonald County,20
2013-10-25,Lindbergh,35,Mehlville,33
2013-10-25,Lathrop,40,Mid-Buchanan,15
2013-10-25,Sherwood,6,Midway,52
2013-10-25,St. Paul Lutheran (Concordia),47,Missouri Military Academy,0
2013-10-25,Mexico,14,Moberly,41
2013-10-25,Palmyra,47,Monroe City,0
2013-10-25,Republic,7,Nixa,28
2013-10-25,Staley,47,North Kansas City,0
2013-10-25,Plattsburg,53,North Platte,6
2013-10-25,William Chrisman,42,Oak Park,49
2013-10-25,Wentworth Military Academy,26,Orrick,64
2013-10-25,Pleasant Hope,0,Osceola,43
2013-10-25,Park Hill,0,Park Hill South,38
2013-10-25,Lebanon,17,Parkview,16
2013-10-25,Eureka,49,Parkway South,23
2013-10-25,Seckman,19,Parkway West,42
2013-10-25,McCluer North,20,Pattonville,44
2013-10-25,East Buchanan,18,Penney,56
2013-10-25,Herculaneum,27,Perryville,21
2013-10-25,Lockwood with Golden City,18,Pierce City,6
2013-10-25,Albany,6,Polo,70
2013-10-25,St. Dominic,0,Priory,35
2013-10-25,Milan,35,Putnam County,14
2013-10-25,Platte County,15,Raytown South,35
2013-10-25,Cole Camp,37,Rich Hill with Hume,14
2013-10-25,Jefferson City,31,Rock Bridge,21
2013-10-25,Parkway Central,56,Rockwood Summit,6
2013-10-25,West Plains,21,Rolla,24
2013-10-25,Central (St. Joseph),41,Ruskin,0
2013-10-25,Paris,22,Salisbury,46
2013-10-25,University Academy Charter,55,Santa Fe,7
2013-10-25,Oakville,27,SLUH,20
2013-10-25,St. Pius X (Kansas City),28,Smith-Cotton,20
2013-10-25,Montgomery County,0,South Callaway,20
2013-10-25,Hallsville,41,Southern Boone,28
2013-10-25,Hillsboro,55,St. Charles,20
2013-10-25,MICDS,16,St. Charles West,27
2013-10-25,Sullivan,48,St. Francis Borgia,16
2013-10-25,Pacific,39,St. James,22
2013-10-25,Lutheran North,41,St. Mary's South Side,3
2013-10-25,Jefferson (Festus),58,St. Vincent,32
2013-10-25,Caruthersville,49,Ste. Genevieve,42
2013-10-25,Nevada,55,Stockton,27
2013-10-25,Skyline,49,Tipton,14
2013-10-25,McCluer South-Berkeley,62,Trinity Catholic,0
2013-10-25,Lee's Summit West,61,Truman,10
2013-10-25,Hermann,14,Union,21
2013-10-25,St. Pius X (Festus),21,Valle Catholic,56
2013-10-25,Lift for Life Academy Charter,0,Veritas Christian Academy,44
2013-10-25,Ft. Zumwalt East,54,Warrenton,0
2013-10-25,Osage,60,Warsaw,46
2013-10-25,Hillcrest,26,Waynesville,30
2013-10-25,Branson,7,Webb City,48
2013-10-25,Parkway North,19,Webster Groves,13
2013-10-25,Carthage,22,Willard,30
2013-10-25,Ava,14,Willow Springs,0
2013-10-25,Lutheran South,43,Windsor (Imperial),34
2013-10-25,Van-Far with Community,14,Winfield,19
2013-10-26,Lincoln College Prep,57,Central (Kansas City),20
2013-10-26,Clayton,49,Cleveland NJROTC,6
2013-10-26,Carnahan,36,Gateway,14
2013-10-26,Hazelwood West,13,Hazelwood East,36
2013-10-26,Ladue Horton Watkins,56,Jennings,14
2013-10-26,Maplewood-Richmond Hts.,0,John Burroughs,49
2013-10-26,Hazelwood Central,49,McCluer,0
2013-10-26,Transportation and Law with Beaumont,0,Miller Career Academy,47
2013-10-26,Ritenour,47,Riverview Gardens,28
2013-10-26,Father Tolton with Calvary Lutheran,7,Sacred Heart,41
2013-10-26,Sumner,6,Soldan International Studies,44
2013-10-26,Hogan Prep Academy Charter,30,Southeast,0
2013-10-26,Duchesne,17,Westminster Christian Academy,10
2013-10-31,St. Vincent,0,Portageville,28
2013-10-31,Crystal City,0,Thayer,43
2013-10-31,Liberal with Bronaugh,0,Jasper,35
2013-10-31,Pierce City,21,McAuley Catholic,28
2013-10-31,Miller,8,Marionville,53
2013-10-31,Greenfield,0,Lockwood with Golden City,20
2013-10-31,Archie,0,Midway,55
2013-10-31,Adrian,14,Drexel with Miami (Amoret),40
2013-10-31,Appleton City with Montrose,0,Osceola,47
2013-10-31,Rich Hill with Hume,7,Skyline,43
2013-10-31,Sweet Springs with Malta Bend,0,Crest Ridge,12
2013-10-31,Tipton,18,Sacred Heart,27
2013-10-31,Windsor,6,Concordia,72
2013-10-31,North Shelby,0,Westran,49
2013-10-31,Wentworth Military Academy,14,Wellington-Napoleon,46
2013-10-31,Orrick,0,Lone Jack,43
2013-10-31,North Platte,6,West Platte,39
2013-10-31,King City with Pattonsburg,14,Penney,61
2013-10-31,Polo,40,Maysville,22
2013-10-31,Albany,12,East Buchanan,68
2013-10-31,Gallatin,0,South Harrison,32
2013-10-31,Grandview (Hillsboro),6,Caruthersville,61
2013-10-31,Jefferson (Festus),0,St. Pius X (Festus),48
2013-10-31,East Prairie,14,Malden,58
2013-10-31,Scott City,20,Charleston,14
2013-10-31,Cleveland NJROTC,24,Carnahan,60
2013-10-31,Principia,0,Transportation and Law with Beaumont,48
2013-10-31,Maplewood-Richmond Hts.,0,Brentwood,46
2013-10-31,Herculaneum,7,Lutheran North,44
2013-10-31,Pleasant Hope,0,Liberty (Mountain View),71
2013-10-31,Fair Grove,6,Willow Springs,48
2013-10-31,Houston,0,Strafford,54
2013-10-31,Cuba,0,Mountain Grove,57
2013-10-31,El Dorado Springs,6,Lamar,63
2013-10-31,Diamond,27,Warsaw,37
2013-10-31,Butler,12,Sarcoxie,41
2013-10-31,Stockton,6,Ash Grove,48
2013-10-31,Mark Twain,2,Palmyra,57
2013-10-31,Monroe City,20,Clopton with Elsberry,34
2013-10-31,Highland,13,Bowling Green,28
2013-10-31,Van-Far with Community,6,Clark County,41
2013-10-31,Father Tolton with Calvary Lutheran,7,Blair Oaks,60
2013-10-31,Hallsville,27,Hermann,34
2013-10-31,Lutheran St. Charles,0,South Callaway,54
2013-10-31,North Callaway,14,Montgomery County,24
2013-10-31,Knob Noster,13,Holden,55
2013-10-31,Carrollton,6,Lawson,35
2013-10-31,Plattsburg,7,Lathrop,42
2013-10-31,Lexington,6,Bishop LeBlond,67
2013-10-31,Lift for Life Academy Charter,0,Central (Park Hills),49
2013-10-31,Central (New Madrid County),26,Fredericktown,32
2013-10-31,Kennett,30,Ste. Genevieve,55
2013-10-31,Dexter,13,Potosi,33
2013-10-31,John F. Kennedy,8,Cardinal Ritter,46
2013-10-31,Versailles,26,Eldon,55
2013-10-31,Osage,40,Salem,43
2013-10-31,Buffalo,0,Ava,38
2013-10-31,Logan-Rogersville,7,Springfield Catholic,13
2013-10-31,East Newton,6,Reeds Spring,35
2013-10-31,Aurora,29,Monett,21
2013-10-31,Mt. Vernon,7,Seneca,40
2013-10-31,Hollister,6,Cassville,47
2013-10-31,Sumner,0,McCluer South-Berkeley,75
2013-10-31,Missouri Military Academy,0,California,69
2013-10-31,Fulton,34,Chillicothe,30
2013-10-31,Southern Boone,16,Centralia,49
2013-10-31,Boonville,6,Macon,35
2013-10-31,O'Hara,27,Pembroke Hill,21
2013-10-31,Clinton,0,Hogan Prep Academy Charter,18
2013-10-31,Odessa,12,Center,40
2013-10-31,East (Kansas City),14,Maryville,85
2013-10-31,Lincoln College Prep,16,St. Pius X (Kansas City),28
2013-10-31,Central (Kansas City),8,Cameron,60
2013-10-31,DeSoto with Kingston,7,Hillsboro,43
2013-10-31,North County,21,Sikeston,13
2013-10-31,Farmington,28,Central (Cape Girardeau),63
2013-10-31,Perryville,12,Festus,55
2013-10-31,Roosevelt,6,Affton,45
2013-10-31,Pacific,8,Ladue Horton Watkins,51
2013-10-31,Priory,49,Union,42
2013-10-31,St. Clair,21,Sullivan,51
2013-10-31,St. Francis Borgia,6,Westminster Christian Academy,46
2013-10-31,McDonald County,0,Webb City,56
2013-10-31,Marshfield,22,Carthage,80
2013-10-31,West Plains,7,Hillcrest,36
2013-10-31,Republic,28,Carl Junction,56
2013-10-31,Normandy Collaborative,14,St. Charles West,56
2013-10-31,University City,30,MICDS,21
2013-10-31,Marshall,14,Helias Catholic,69
2013-10-31,Mexico,6,Kirksville,12
2013-10-31,Warrenton,6,Hannibal,42
2013-10-31,Warrensburg,6,Bolivar,53
2013-10-31,Nevada,6,Grandview,55
2013-10-31,Grain Valley,15,Pleasant Hill,38
2013-10-31,Raytown South,32,Harrisonville,28
2013-10-31,Benton,14,Liberty North,49
2013-10-31,Smithville,40,Platte County,32
2013-10-31,Excelsior Springs,21,Van Horn,14
2013-10-31,Lafayette (St. Joseph),33,Savannah,25
2013-10-31,Fox,7,Rockwood Summit,39
2013-10-31,Glendale,7,Ozark,56
2013-10-31,Neosho,0,Branson,35
2013-10-31,Central (Springfield),0,Belton,51
2013-10-31,Truman,9,Raytown,48
2013-10-31,Park Hill,3,Park Hill South,24
2013-10-31,Oak Park,0,Central (St. Joseph),47
2013-11-01,Cabool,20,Valle Catholic,55
2013-11-01,Hayti,12,Chaffee,34
2013-11-01,Santa Fe,14,Cole Camp,40
2013-11-01,Paris,32,Louisiana,25
2013-11-01,Schuyler County,14,South Shelby,49
2013-11-01,Knox County,12,Scotland County,9
2013-11-01,Slater,12,Milan,63
2013-11-01,Fayette,26,Putnam County,42
2013-11-01,Princeton with Mercer,0,Salisbury,56
2013-11-01,Braymer,0,Marceline,62
2013-11-01,Southeast,0,University Academy Charter,12
2013-11-01,Sherwood,34,St. Paul Lutheran (Concordia),28
2013-11-01,Trenton,7,Brookfield,42
2013-11-01,Bishop DuBourg,21,St. James,34
2013-11-01,Owensville,9,Soldan International Studies,60
2013-11-01,Winfield,12,Duchesne,53
2013-11-01,Wright City,27,Orchard Farm,33
2013-11-01,Trinity Catholic,31,Veritas Christian Academy,44
2013-11-01,Northeast (Kansas City),0,Richmond,46
2013-11-01,Lutheran South,41,Vashon,26
2013-11-01,Windsor (Imperial),14,St. Mary's South Side,28
2013-11-01,Gateway,29,St. Charles,22
2013-11-01,Jennings,26,Clayton,34
2013-11-01,St. Dominic,7,Moberly,55
2013-11-01,Seckman,6,Poplar Bluff,34
2013-11-01,Chaminade College Preparatory,28,McCluer North,38
2013-11-01,McCluer,6,Hazelwood East,42
2013-11-01,Riverview Gardens,6,Webster Groves,41
2013-11-01,Parkway West,3,Parkway North,28
2013-11-01,Ft. Zumwalt South,20,Ft. Zumwalt North,42
2013-11-01,Holt,0,Parkway Central,63
2013-11-01,Washington,7,Smith-Cotton,36
2013-11-01,Rolla,10,Waynesville,40
2013-11-01,Ruskin,0,Parkview,42
2013-11-01,William Chrisman,34,North Kansas City,36
2013-11-01,Northwest (Cedar Hill),0,Eureka,48
2013-11-01,Parkway South,13,Lindbergh,24
2013-11-01,Marquette,3,Lafayette (Wildwood),35
2013-11-01,Mehlville,28,Oakville,25
2013-11-01,Lee's Summit North,0,Blue Springs,42
2013-11-01,Blue Springs South,11,Rockhurst,8
2013-11-01,Joplin,24,Lee's Summit,56
2013-11-01,Raymore-Peculiar,6,Liberty,35
2013-11-01,Pattonville,21,De Smet Jesuit,42
2013-11-01,Hazelwood West,7,Christian Brothers College,29
2013-11-01,SLUH,42,Ritenour,28
2013-11-01,Troy Buchanan,6,Francis Howell,49
2013-11-01,Timberland,0,Ft. Zumwalt West,37
2013-11-01,Hickman,17,Francis Howell Central,24
2013-11-01,Rock Bridge,48,Jefferson City,18
2013-11-02,Francis Howell North,7,Hazelwood Central,41
2013-11-06,Portageville,0,Valle Catholic,42
2013-11-06,Thayer,28,Chaffee,22
2013-11-06,McAuley Catholic,12,Jasper,54
2013-11-06,Lockwood with Golden City,20,Marionville,61
2013-11-06,Drexel with Miami (Amoret),0,Midway,41
2013-11-06,Skyline,20,Osceola,24
2013-11-06,Sacred Heart,7,Crest Ridge,13
2013-11-06,Cole Camp,19,Concordia,26
2013-11-06,Paris,12,Westran,63
2013-11-06,Knox County,0,South Shelby,42
2013-11-06,Putnam County,0,Milan,52
2013-11-06,Marceline,28,Salisbury,9
2013-11-06,Wellington-Napoleon,26,Mid-Buchanan,21
2013-11-06,West Platte,34,Lone Jack,11
2013-11-06,Polo,22,Penney,41
2013-11-06,South Harrison,22,East Buchanan,44
2013-11-06,St. Pius X (Festus),6,Caruthersville,12
2013-11-06,Scott City,16,Malden,62
2013-11-06,Transportation and Law with Beaumont,20,Carnahan,62
2013-11-06,Lutheran North,26,Brentwood,20
2013-11-06,Willow Springs,21,Liberty (Mountain View),40
2013-11-06,Mountain Grove,44,Strafford,37
2013-11-06,Warsaw,6,Lamar,84
2013-11-06,Ash Grove,29,Sarcoxie,15
2013-11-06,Clopton with Elsberry,6,Palmyra,58
2013-11-06,Clark County,12,Bowling Green,24
2013-11-06,Hermann,13,Blair Oaks,35
2013-11-06,Montgomery County,7,South Callaway,42
2013-11-06,University Academy Charter,16,Lafayette County,44
2013-11-06,Sherwood,7,Holden,41
2013-11-06,Brookfield,0,Lawson,28
2013-11-06,Bishop LeBlond,34,Lathrop,0
2013-11-06,Fredericktown,0,Central (Park Hills),53
2013-11-06,Potosi,21,Ste. Genevieve,39
2013-11-06,St. James,0,John Burroughs,69
2013-11-06,Soldan International Studies,26,Cardinal Ritter,36
2013-11-06,Salem,14,Eldon,41
2013-11-06,Springfield Catholic,7,Ava,12
2013-11-06,Aurora,29,Reeds Spring,20
2013-11-06,Cassville,13,Seneca,20
2013-11-06,Orchard Farm,0,Duchesne,38
2013-11-06,Veritas Christian Academy,0,McCluer South-Berkeley,56
2013-11-06,Fulton,0,California,49
2013-11-06,Macon,9,Centralia,7
2013-11-06,O'Hara,14,Oak Grove,49
2013-11-06,Center,13,Hogan Prep Academy Charter,30
2013-11-06,St. Pius X (Kansas City),14,Maryville,34
2013-11-06,Richmond,7,Cameron,17
2013-11-06,North County,19,Hillsboro,42
2013-11-06,Festus,20,Central (Cape Girardeau),56
2013-11-06,Lutheran South,3,Miller Career Academy,57
2013-11-06,St. Mary's South Side,32,Affton,6
2013-11-06,Priory,7,Ladue Horton Watkins,42
2013-11-06,Westminster Christian Academy,37,Sullivan,21
2013-11-06,Carthage,20,Webb City,55
2013-11-06,Carl Junction,29,Hillcrest,28
2013-11-06,Gateway,15,St. Charles West,42
2013-11-06,University City,31,Clayton,20
2013-11-06,Kirksville,0,Helias Catholic,77
2013-11-06,Hannibal,35,Moberly,0
2013-11-06,Grandview,14,Bolivar,42
2013-11-06,Raytown South,13,Pleasant Hill,24
2013-11-06,Smithville,10,Liberty North,31
2013-11-06,Lafayette (St. Joseph),40,Excelsior Springs,0
2013-11-06,Rockwood Summit,7,Vianney,26
2013-11-06,Poplar Bluff,6,Jackson,37
2013-11-06,McCluer North,0,Kirkwood,34
2013-11-06,Webster Groves,38,Hazelwood East,21
2013-11-06,Parkway North,20,Ft. Zumwalt East,41
2013-11-06,Parkway Central,34,Ft. Zumwalt North,0
2013-11-06,Smith-Cotton,22,Camdenton,32
2013-11-06,Waynesville,32,Lebanon,24
2013-11-06,Ozark,16,Kickapoo,45
2013-11-06,Branson,13,Nixa,49
2013-11-06,Belton,0,Lee's Summit West,56
2013-11-06,Parkview,14,Willard,40
2013-11-06,North Kansas City,7,Fort Osage,49
2013-11-06,Raytown,13,Winnetonka,24
2013-11-06,Park Hill South,21,Kearney,42
2013-11-06,Central (St. Joseph),6,Staley,38
2013-11-08,Lindbergh,14,Eureka,38
2013-11-08,Mehlville,0,Lafayette (Wildwood),48
2013-11-08,Blue Springs South,0,Blue Springs,40
2013-11-08,Liberty,0,Lee's Summit,24
2013-11-08,SLUH,14,Christian Brothers College,42
2013-11-08,Ft. Zumwalt West,18,Francis Howell,13
2013-11-08,Rock Bridge,34,Francis Howell Central,13
2013-11-09,De Smet Jesuit,28,Hazelwood Central,35
2013-11-11,Thayer,12,Valle Catholic,34
2013-11-11,Marionville,28,Jasper,8
2013-11-11,Osceola,7,Midway,6
2013-11-11,Concordia,6,Crest Ridge,32
2013-11-11,South Shelby,7,Westran,56
2013-11-11,Marceline,26,Milan,0
2013-11-11,West Platte,55,Wellington-Napoleon,21
2013-11-11,East Buchanan,34,Penney,40
2013-11-11,Malden,18,Caruthersville,60
2013-11-11,Lutheran North,49,Carnahan,8
2013-11-11,Mountain Grove,31,Liberty (Mountain View),34
2013-11-11,Ash Grove,0,Lamar,72
2013-11-11,Bowling Green,0,Palmyra,28
2013-11-11,South Callaway,7,Blair Oaks,17
2013-11-11,Holden,12,Lafayette County,28
2013-11-11,Bishop LeBlond,7,Lawson,13
2013-11-11,Ste. Genevieve,8,Central (Park Hills),30
2013-11-11,Cardinal Ritter,0,John Burroughs,24
2013-11-11,Ava,14,Eldon,19
2013-11-11,Seneca,45,Aurora,15
2013-11-11,McCluer South-Berkeley,40,Duchesne,13
2013-11-11,Macon,0,California,39
2013-11-11,Hogan Prep Academy Charter,0,Oak Grove,42
2013-11-11,Cameron,14,Maryville,42
2013-11-11,Central (Cape Girardeau),59,Hillsboro,33
2013-11-11,St. Mary's South Side,21,Miller Career Academy,48
2013-11-11,Westminster Christian Academy,28,Ladue Horton Watkins,20
2013-11-11,Carl Junction,20,Webb City,48
2013-11-11,University City,28,St. Charles West,62
2013-11-11,Hannibal,7,Helias Catholic,42
2013-11-11,Pleasant Hill,16,Bolivar,28
2013-11-11,Lafayette (St. Joseph),0,Liberty North,35
2013-11-11,Jackson,14,Vianney,0
2013-11-11,Webster Groves,21,Kirkwood,19
2013-11-11,Parkway Central,46,Ft. Zumwalt East,8
2013-11-11,Waynesville,0,Camdenton,35
2013-11-11,Nixa,14,Kickapoo,45
2013-11-11,Willard,8,Lee's Summit West,47
2013-11-11,Winnetonka,7,Fort Osage,42
2013-11-11,Staley,7,Kearney,28
2013-11-15,Lafayette (Wildwood),20,Eureka,47
2013-11-15,Lee's Summit,21,Blue Springs,63
2013-11-15,Rock Bridge,28,Ft. Zumwalt West,19
2013-11-16,Marionville,0,Valle Catholic,35
2013-11-16,Crest Ridge,7,Osceola,43
2013-11-16,Marceline,13,Westran,9
2013-11-16,Penney,61,West Platte,46
2013-11-16,Lutheran North,56,Caruthersville,41
2013-11-16,Lamar,35,Liberty (Mountain View),0
2013-11-16,Blair Oaks,28,Palmyra,20
2013-11-16,Lawson,27,Lafayette County,14
2013-11-16,John Burroughs,24,Central (Park Hills),14
2013-11-16,Seneca,43,Eldon,0
2013-11-16,California,26,McCluer South-Berkeley,24
2013-11-16,Maryville,42,Oak Grove,20
2013-11-16,Miller Career Academy,22,Central (Cape Girardeau),25
2013-11-16,Webb City,36,Westminster Christian Academy,6
2013-11-16,Helias Catholic,44,St. Charles West,21
2013-11-16,Liberty North,35,Bolivar,0
2013-11-16,Webster Groves,42,Jackson,39
2013-11-16,Camdenton,13,Parkway Central,23
2013-11-16,Lee's Summit West,51,Kickapoo,14
2013-11-16,Kearney,13,Fort Osage,9
2013-11-16,Christian Brothers College,24,Hazelwood Central,26
2013-11-22,Parkway Central,42,Webster Groves,21
2013-11-22,Kearney,14,Lee's Summit West,42
2013-11-22,Blue Springs,42,Eureka,14
2013-11-22,Rock Bridge,36,Hazelwood Central,33
2013-11-23,Osceola,11,Valle Catholic,35
2013-11-23,Penney,22,Marceline,42
2013-11-23,Lamar,70,Lutheran North,7
2013-11-23,Lawson,28,Blair Oaks,12
2013-11-23,Seneca,31,John Burroughs,7
2013-11-23,Maryville,22,California,13
2013-11-23,Webb City,46,Central (Cape Girardeau),0
2013-11-23,Liberty North,14,Helias Catholic,26
2013-11-28,Webster Groves,0,Kirkwood,44
2013-11-29,Lawson,0,Lamar,42
2013-11-29,Helias Catholic,14,Webb City,28
2013-11-29,Rock Bridge,14,Blue Springs,35
2013-11-30,Marceline,0,Valle Catholic,41
2013-11-30,Maryville,50,Seneca,28
2013-11-30,Lee's Summit West,51,Parkway Central,14
